title,price,currency,original_price,discount,seller,rating,installments,shipping,product_url,image_url,offer_type
Notebook Exo Smart T38 Intel N4020 4gb Ssd128gb Windows 11 Color Gris,339999,$,569999,40% OFF,EXO,4.6,6 cuotas de$77.582,Llega gratis mañana,https://www.mercadolibre.com.ar/notebook-exo-smart-t38-intel-n4020-4gb-ssd128gb-windows-11-color-gris/p/MLA22826188,https://http2.mlstatic.com/D_Q_NP_2X_674154-MLA99475153990_112025-E.webp,main
Notebook Philco N14P4020 14.1 Pulgadas Intel Celeron 4gb 128gb Ssd Windows 11,319299,$,479999,33% OFF,Philco,4.5,6 cuotas de$72.858,Llega gratis mañana,https://www.mercadolibre.com.ar/notebook-philco-n14p4020-141-pulgadas-intel-celeron-4gb-128gb-ssd-windows-11/p/MLA42114051,https://http2.mlstatic.com/D_Q_NP_2X_910728-MLA99986778023_112025-E.webp,main
Notebook Philco N14P4020 14.1 Pulgadas Intel Celeron 4gb 128gb Ssd Windows 11,371299,$,479999,22% OFF,Philco,4.5,Mismo precio 6 cuotas de$61.883,Llega gratis mañana,https://www.mercadolibre.com.ar/notebook-philco-n14p4020-141-pulgadas-intel-celeron-4gb-128gb-ssd-windows-11/p/MLA42114051?offer_type=BEST_INSTALLMENTS,https://http2.mlstatic.com/D_Q_NP_2X_910728-MLA99986778023_112025-E.webp,alternative (best_installments)
Tablet Infantil 7  Con Funda Resistente Y Control Parental,83572,$,89870,7% OFF,,,,Envío gratis,https://www.mercadolibre.com.ar/tablet-infantil-7--con-funda-resistente-y-control-parental/up/MLAU3857534906,https://http2.mlstatic.com/D_Q_NP_2X_605381-CBT109055582399_032026-E.webp,main
Portátil HP Elitebook 845 G8 Amd Ryzen 5 Pro 5650u 16 GB de RAM 256 GB Ssd Windows 11 Pro Business y Gaming Notebook - Excelente (Reacondicionado),495441,$,1011134,51% OFF,,4.7,,Envío gratis,https://www.mercadolibre.com.ar/portatil-hp-elitebook-845-g8-amd-ryzen-5-pro-5650u-16-gb-de-ram-256-gb-ssd-windows-11-pro-business-y-gaming-notebook-excelente-reacondicionado/p/MLA2020089212,https://http2.mlstatic.com/D_Q_NP_2X_636669-MLA109971701559_042026-E.webp,main
Notebook Enova 14 Celeron N4020 Ram 4gb Ssd 128gb Gris,400399,$,535989,25% OFF,MEXX GAMERS POR NATURALEZA,4.6,Mismo precio 18 cuotas de$22.244,Llega gratis mañana,https://www.mercadolibre.com.ar/notebook-enova-14-celeron-n4020-ram-4gb-ssd-128gb-gris/p/MLA23827239,https://http2.mlstatic.com/D_Q_NP_2X_853703-MLA99991185023_112025-E.webp,main
Notebook Enova 14 Celeron N4020 Ram 4gb Ssd 128gb Gris,399999,$,489999,18% OFF,eNova,4.6,,Llega gratis mañana,https://www.mercadolibre.com.ar/notebook-enova-14-celeron-n4020-ram-4gb-ssd-128gb-gris/p/MLA23827239?offer_type=OFFICIAL_STORE,https://http2.mlstatic.com/D_Q_NP_2X_853703-MLA99991185023_112025-E.webp,alternative (alternative)
Notebook Tactil Fhd Hp 15-fd0267la I5 1334u 16gb 512gb W11,1149999,$,1399999,17% OFF,D DINATECH,5.0,6 cuotas de$262.410,Llega gratis mañana,https://www.mercadolibre.com.ar/notebook-tactil-fhd-hp-15fd0267la-i5-1334u-16gb-512gb-w11/up/MLAU3841922117,https://http2.mlstatic.com/D_Q_NP_2X_943972-MLA108870025783_032026-E.webp,main
Notebook Dell Inspiron 3535 Amd Ryzen 5 7520u Full Hd 8 Gb Lpddr5-sdram 512 Gb Ssd - 15.6 - Windows 11 Home - Teclado En Español - Color Plata,1289799,$,1582899,18% OFF,PC CENTER COMPUTERS,4.9,Mismo precio 18 cuotas de$71.655,Llega gratis mañana,https://www.mercadolibre.com.ar/notebook-dell-inspiron-3535-amd-ryzen-5-7520u-full-hd-8-gb-lpddr5-sdram-512-gb-ssd-156-windows-11-home-teclado-en-espanol-color-plata/p/MLA42801267,https://http2.mlstatic.com/D_Q_NP_2X_685534-MLA95843510283_102025-E.webp,main
Notebook ASUS Vivobook Go 15 N100 4GB 128GB,588624,$,843799,30% OFF,Tidi,4.8,Mismo precio 18 cuotas de$32.701,Llega gratis mañana,https://www.mercadolibre.com.ar/notebook-asus-vivobook-go-15-n100-4gb-128gb/p/MLA51871727,https://http2.mlstatic.com/D_Q_NP_2X_913870-MLA99948525221_112025-E.webp,main
Notebook ASUS Vivobook Go 15 N100 4GB 128GB,536395,$,1706599,68% OFF,ASUS,4.8,,Llega gratis mañana,https://www.mercadolibre.com.ar/notebook-asus-vivobook-go-15-n100-4gb-128gb/p/MLA51871727?offer_type=OFFICIAL_STORE,https://http2.mlstatic.com/D_Q_NP_2X_913870-MLA99948525221_112025-E.webp,alternative (alternative)
"Notebook Asus Vivobook Go 15,6 Fhd 256gb / 8gb I3-n305 W11 - Cool Silver",1030339,$,2102734,51% OFF,BRIMMERST,5.0,Mismo precio 18 cuotas de$57.241,Llega gratis mañana,https://www.mercadolibre.com.ar/notebook-asus-vivobook-go-156-fhd-256gb-8gb-i3-n305-w11-cool-silver/p/MLA63001375,https://http2.mlstatic.com/D_Q_NP_2X_645731-MLA100377720660_122025-E.webp,main
Tablet Infantil 7  Android Con Funda Resistente,85762,$,92226,7% OFF,,,,Envío gratis,https://www.mercadolibre.com.ar/tablet-infantil-7--android-con-funda-resistente/up/MLAU3857534966,https://http2.mlstatic.com/D_Q_NP_2X_800452-CBT109055526435_032026-E.webp,main
"Samsung Galaxy Book 4 15.6"" Color Plateado 16GB RAM 512GB SSD Procesador Intel Core I7",2412002,$,,,Compu Tools,4.9,6 cuotas de$550.378,Llega gratis mañana,https://www.mercadolibre.com.ar/samsung-galaxy-book-4-156-color-plateado-16gb-ram-512gb-ssd-procesador-intel-core-i7/p/MLA38663290,https://http2.mlstatic.com/D_Q_NP_2X_674107-MLA99966489085_112025-E.webp,main
Hp Pink Stream 14-ep2011 Intel N150 4gb Ram 128gb Ufs Incluye Windows 11 Instalado Pantalla 14 Laptop Rosa Con Regalo,407504,$,626931,35% OFF,,4.8,,Envío gratis,https://www.mercadolibre.com.ar/hp-pink-stream-14-ep2011-intel-n150-4gb-ram-128gb-ufs-incluye-windows-11-instalado-pantalla-14-laptop-rosa-con-regalo/p/MLA53196537,https://http2.mlstatic.com/D_Q_NP_2X_766867-MLA109453734770_042026-E.webp,main
"Notebook Hp 255 G10 Amd Ryzen 5 7520u, Ram 16gb, Ssd 512gb, Pantalla 15,6'' hd, Sistema Opertativo Windows 11 Home",1569999,$,1939999,19% OFF,EW Electro World,4.8,Mismo precio 18 cuotas de$87.222,Llega gratis mañana,https://www.mercadolibre.com.ar/notebook-hp-255-g10-amd-ryzen-5-7520u-ram-16gb-ssd-512gb-pantalla-156-hd-sistema-opertativo-windows-11-home/p/MLA55559792,https://http2.mlstatic.com/D_Q_NP_2X_805015-MLA99950113511_112025-E.webp,main
"Notebook Asus Vivobook M1502ya-bq580 Ryzen 7 5825u 16gb De Ram Ddr4 512gb Ssd M.2 Nvme Pcie, Amd Radeon Graphics (15,6) Full Hd 1920 X 1080 Ips Wi-fi 6e (802.11ax) Windows 11 Home, Color Cool Silver.",1645299,$,2643297,37% OFF,ESPACIO ELECTRONICA,4.9,Mismo precio 18 cuotas de$91.405,Llega gratis mañana,https://www.mercadolibre.com.ar/notebook-asus-vivobook-m1502ya-bq580-ryzen-7-5825u-16gb-de-ram-ddr4-512gb-ssd-m2-nvme-pcie-amd-radeon-graphics-156-full-hd-1920-x-1080-ips-wi-fi-6e-80211ax-windows-11-home-color-cool-silver/p/MLA63642587,https://http2.mlstatic.com/D_Q_NP_2X_732476-MLA102966284007_122025-E.webp,main
Notebook Hp 255r G10 Ryzen 7 7735u | 16gb Ram | 512gb Ssd Nvme | 15.6 Full Hd | Windows 11 | Laptop Empresarial,1899999,$,2599999,26% OFF,Electro World Group,4.8,Mismo precio 18 cuotas de$105.555,Llega gratis mañana,https://www.mercadolibre.com.ar/notebook-hp-255r-g10-ryzen-7-7735u-16gb-ram-512gb-ssd-nvme-156-full-hd-windows-11-laptop-empresarial/p/MLA63549440,https://http2.mlstatic.com/D_Q_NP_2X_794049-MLA102672783779_122025-E.webp,main
"Notebook Lenovo Ideapad 1 14IJL7 Procesador Intel Celeron N4500 4gb Ram Ddr4 128gb SSD Pantalla 14"" HD Windows 11 S Color Gris",399999,$,595985,32% OFF,INTEGRADOS ARGENTINOS,4.6,6 cuotas de$91.273,Llega gratis mañana,https://www.mercadolibre.com.ar/notebook-lenovo-ideapad-1-14ijl7-procesador-intel-celeron-n4500-4gb-ram-ddr4-128gb-ssd-pantalla-14-hd-windows-11-s-color-gris/p/MLA46083582,https://http2.mlstatic.com/D_Q_NP_2X_618560-MLA107401990556_032026-E.webp,main
"Notebook Lenovo Ideapad 1 14IJL7 Procesador Intel Celeron N4500 4gb Ram Ddr4 128gb SSD Pantalla 14"" HD Windows 11 S Color Gris",589999,$,879999,32% OFF,INTEGRADOS ARGENTINOS,4.6,Mismo precio 18 cuotas de$32.777,Llega gratis mañana,https://www.mercadolibre.com.ar/notebook-lenovo-ideapad-1-14ijl7-procesador-intel-celeron-n4500-4gb-ram-ddr4-128gb-ssd-pantalla-14-hd-windows-11-s-color-gris/p/MLA46083582?offer_type=BEST_INSTALLMENTS,https://http2.mlstatic.com/D_Q_NP_2X_618560-MLA107401990556_032026-E.webp,alternative (best_installments)
Notebook Hp 255 G10 Amd Ryzen 5 7520u 16gb Ram 512gb Ssd 15.6 Full Hd Gráficos Integrados Radeon 610m Windows 11 Home Plata,1569999,$,1789999,12% OFF,Electro World Group,4.8,Mismo precio 18 cuotas de$87.222,Llega gratis mañana,https://www.mercadolibre.com.ar/notebook-hp-255-g10-amd-ryzen-5-7520u-16gb-ram-512gb-ssd-156-full-hd-graficos-integrados-radeon-610m-windows-11-home-plata/p/MLA54622919,https://http2.mlstatic.com/D_Q_NP_2X_940766-MLA99992495719_112025-E.webp,main
Notebook Lenovo V15 G4 Amd Ryzen 3 7320u 16gb De Ram Ssd 512gb Gráficos Radeon 610m 1920x1080px Teclado Español Gris,1318799,$,1885194,30% OFF,GAUSSONLINE,4.7,Mismo precio 18 cuotas de$73.266,Llega gratis mañana,https://www.mercadolibre.com.ar/notebook-lenovo-v15-g4-amd-ryzen-3-7320u-16gb-de-ram-ssd-512gb-graficos-radeon-610m-1920x1080px-teclado-espanol-gris/p/MLA39457292,https://http2.mlstatic.com/D_Q_NP_2X_735164-MLA99382703778_112025-E.webp,main
Notebook Lenovo Ideapad 1 15ijl7 Intel Celeron N4500 12 Gb Ddr4-sdram 128 Gb Emmc 39.6 Cm (15.6 ) 1366x768px Wi-fi 5 (802.11ac) Teclado Español Windows 11 Home Color Abyss Blue,941399,$,1262499,25% OFF,PC CENTER COMPUTERS,4.7,Mismo precio 18 cuotas de$52.299,Llega gratis mañana,https://www.mercadolibre.com.ar/notebook-lenovo-ideapad-1-15ijl7-intel-celeron-n4500-12-gb-ddr4-sdram-128-gb-emmc-396-cm-156-1366x768px-wi-fi-5-80211ac-teclado-espanol-windows-11-home-color-abyss-blue/p/MLA41391097,https://http2.mlstatic.com/D_Q_NP_2X_761852-MLA100001156811_112025-E.webp,main
Notebook HP 255 G10 Ryzen 7 7730U | 16GB RAM | 512GB SSD NVMe | 15.6” Full HD | Windows 11 Home | Laptop Empresarial,1899999,$,2599999,26% OFF,EW Electro World,4.8,Mismo precio 18 cuotas de$105.555,Llega gratis mañana,https://www.mercadolibre.com.ar/notebook-hp-255-g10-ryzen-7-7730u-16gb-ram-512gb-ssd-nvme-156-full-hd-windows-11-home-laptop-empresarial/p/MLA43286413,https://http2.mlstatic.com/D_Q_NP_2X_783503-MLA99733568025_112025-E.webp,main
Notebook Onn-s3185 Intel I3 12va Ram 8gb Ssd 512gb W11 Exo Color Gris,741251,$,1100000,32% OFF,,4.8,Mismo precio 6 cuotas de$123.541,Llega gratis mañana,https://www.mercadolibre.com.ar/notebook-onn-s3185-intel-i3-12va-ram-8gb-ssd-512gb-w11-exo-color-gris/p/MLA53335887,https://http2.mlstatic.com/D_Q_NP_2X_887558-MLA99932090545_112025-E.webp,main
Notebook Samsung Galaxy Book3 15.6 Intel Core I3 6 Núcleos 8gb 256gb Color Silver,921499,$,1860049,50% OFF,Bidcom,4.8,6 cuotas de$210.270,Llega gratis mañana,https://www.mercadolibre.com.ar/notebook-samsung-galaxy-book3-156-intel-core-i3-6-nucleos-8gb-256gb-color-silver/p/MLA24848233,https://http2.mlstatic.com/D_Q_NP_2X_844796-MLA99850433669_112025-E.webp,main
Notebook Samsung Galaxy Book3 15.6 Intel Core I3 6 Núcleos 8gb 256gb Color Silver,1074299,$,2216049,51% OFF,Bidcom,4.8,Mismo precio 6 cuotas de$179.049,Llega gratis mañana,https://www.mercadolibre.com.ar/notebook-samsung-galaxy-book3-156-intel-core-i3-6-nucleos-8gb-256gb-color-silver/p/MLA24848233?offer_type=BEST_INSTALLMENTS,https://http2.mlstatic.com/D_Q_NP_2X_844796-MLA99850433669_112025-E.webp,alternative (best_installments)
Notebook Hp 250r G9 Intel Core I5-1335u 16 Gb Ddr4-sdram 512 Gb Ssd 39.6 Cm (15.6 ) 1366x768px Intel Iris Xe Graphics 80EU Wi-fi 6 (802.11ax) Teclado Español Windows 11 Home Color Gris Ceniza Oscuro,1590299,$,2008799,20% OFF,PC CENTER COMPUTERS,4.8,Mismo precio 18 cuotas de$88.349,Llega gratis mañana,https://www.mercadolibre.com.ar/notebook-hp-250r-g9-intel-core-i5-1335u-16-gb-ddr4-sdram-512-gb-ssd-396-cm-156-1366x768px-intel-iris-xe-graphics-80eu-wi-fi-6-80211ax-teclado-espanol-windows-11-home-color-gris-ceniza-oscuro/p/MLA65477755,https://http2.mlstatic.com/D_Q_NP_2X_756124-MLA106998052939_022026-E.webp,main
Notebook HP Omnibook 5 Amd Ryzen Ia 7 350 16 GB DDR5 512 GB Ssd 16 2K 1920 px x 1200 px Windows 11,997859,$,1425524,30% OFF,,4.9,,Envío gratis,https://www.mercadolibre.com.ar/notebook-hp-omnibook-5-amd-ryzen-ia-7-350-16-gb-ddr5-512-gb-ssd-16-2k-1920-px-x-1200-px-windows-11/p/MLA53176721,https://http2.mlstatic.com/D_Q_NP_2X_716063-MLA109558584488_042026-E.webp,main
Notebook HP 15-fd0151la Pantalla Táctil Intel Core i5 8gb RAM 512gb Ssd Windows 11 Home,1430499,$,2399999,40% OFF,HP Tienda Oficial,4.9,Mismo precio 18 cuotas de$79.472,Llega gratis mañana,https://www.mercadolibre.com.ar/notebook-hp-15-fd0151la-pantalla-tactil-intel-core-i5-8gb-ram-512gb-ssd-windows-11-home/p/MLA53968197,https://http2.mlstatic.com/D_Q_NP_2X_675660-MLA99937685755_112025-E.webp,main
"Notebook Asus Vivobook Go 15 E1504ga, Intel Core I3-n305, 8gb De Ram Ddr4, 256gb Ssd M.2 Pcie Nvme, Gráficos Intel Uhd (15,6), 1920 X 1080 Px Full Hd, Wi-fi 6e, Windows 11 Home, Color Negro",749999,$,819999,8% OFF,ACUARIO INSUMOS Y TECNOLOGIA,4.9,6 cuotas de$171.137,Llega gratis mañana,https://www.mercadolibre.com.ar/notebook-asus-vivobook-go-15-e1504ga-intel-core-i3-n305-8gb-de-ram-ddr4-256gb-ssd-m2-pcie-nvme-graficos-intel-uhd-156-1920-x-1080-px-full-hd-wi-fi-6e-windows-11-home-color-negro/p/MLA53795534,https://http2.mlstatic.com/D_Q_NP_2X_863799-MLA99482123972_112025-E.webp,main
Notebook ASUS Vivobook 15 AMD Ryzen™ 7 60Hz 16GB 512GB,1199699,$,1942048,38% OFF,ESPACIO ELECTRONICA,4.8,6 cuotas de$273.751,Llega gratis mañana,https://www.mercadolibre.com.ar/notebook-asus-vivobook-15-amd-ryzen-7-60hz-16gb-512gb/p/MLA51565846,https://http2.mlstatic.com/D_Q_NP_2X_952881-MLA99507211266_112025-E.webp,main
Notebook ASUS Vivobook 15 AMD Ryzen™ 7 60Hz 16GB 512GB,1645299,$,2643297,37% OFF,ESPACIO ELECTRONICA,4.8,Mismo precio 12 cuotas de$137.108,Llega gratis mañana,https://www.mercadolibre.com.ar/notebook-asus-vivobook-15-amd-ryzen-7-60hz-16gb-512gb/p/MLA51565846?offer_type=BEST_INSTALLMENTS,https://http2.mlstatic.com/D_Q_NP_2X_952881-MLA99507211266_112025-E.webp,alternative (best_installments)
Notebook Asus Vivobook Procesador Intel Core I5 1334u 12gb Ram 256gb Ssd Pantalla 14 Full Hd Graficos Integrados Intel Windows 11 Home Color Azul,989999,$,1187999,16% OFF,EW Electro World,4.7,6 cuotas de$225.901,Llega gratis mañana,https://www.mercadolibre.com.ar/notebook-asus-vivobook-procesador-intel-core-i5-1334u-12gb-ram-256gb-ssd-pantalla-14-full-hd-graficos-integrados-intel-windows-11-home-color-azul/p/MLA60841339,https://http2.mlstatic.com/D_Q_NP_2X_703360-MLA99467662546_112025-E.webp,main
Notebook Asus Vivobook Procesador Intel Core I5 1334u 12gb Ram 256gb Ssd Pantalla 14 Full Hd Graficos Integrados Intel Windows 11 Home Color Azul,1199999,$,1474999,18% OFF,EW Electro World,4.7,Mismo precio 6 cuotas de$199.999,Llega gratis mañana,https://www.mercadolibre.com.ar/notebook-asus-vivobook-procesador-intel-core-i5-1334u-12gb-ram-256gb-ssd-pantalla-14-full-hd-graficos-integrados-intel-windows-11-home-color-azul/p/MLA60841339?offer_type=BEST_INSTALLMENTS,https://http2.mlstatic.com/D_Q_NP_2X_703360-MLA99467662546_112025-E.webp,alternative (best_installments)
"Notebook Asus Vivobook 14 Intel Core I3 1215u, 8gb De Ram, 128gb Ssd, Full Hd, Windows 11 Home",886999,$,1159999,23% OFF,Electro World Group,4.7,Mismo precio 18 cuotas de$49.277,Llega gratis mañana,https://www.mercadolibre.com.ar/notebook-asus-vivobook-14-intel-core-i3-1215u-8gb-de-ram-128gb-ssd-full-hd-windows-11-home/p/MLA35741114,https://http2.mlstatic.com/D_Q_NP_2X_786870-MLA99948539723_112025-E.webp,main
Notebook Lenovo Ideapad 1 15ijl7 Intel Celeron N4500 8 Gb Ddr4-sdram 128 Gb Emmc 39.6 Cm (15.6 ) 1366x768px Wi-fi 5 (802.11ac) Teclado Español Windows 11 Home Color Abyss Blue,767799,$,1412398,45% OFF,ESPACIO ELECTRONICA,4.7,Mismo precio 18 cuotas de$42.655,Llega gratis mañana,https://www.mercadolibre.com.ar/notebook-lenovo-ideapad-1-15ijl7-intel-celeron-n4500-8-gb-ddr4-sdram-128-gb-emmc-396-cm-156-1366x768px-wi-fi-5-80211ac-teclado-espanol-windows-11-home-color-abyss-blue/p/MLA41461422,https://http2.mlstatic.com/D_Q_NP_2X_818976-MLA99992613487_112025-E.webp,main
Notebook Exo Smart T33 Intel N4020 4gb Ssd64gb Windows 11 Gris - Excelente (Reacondicionado),224299,$,449999,50% OFF,,4.8,6 cuotas de$51.181,Llega gratis mañana,https://www.mercadolibre.com.ar/notebook-exo-smart-t33-intel-n4020-4gb-ssd64gb-windows-11-gris-excelente-reacondicionado/p/MLA2010678757,https://http2.mlstatic.com/D_Q_NP_2X_826966-MLA51151703895_082022-E.webp,main
Notebook Gamer Acer Nitro V16 Amd Ryzen 5 240 16gb Ram 512gb Ssd Pantalla 16 Full Hd 180hz Placa De Video Rtx 5050 8gb Gddr6 Teclado Retroiluminado Color Negro Windows 11,2909999,$,3899999,25% OFF,TuNotebook Techstore,4.8,Mismo precio 18 cuotas de$161.666,Llega gratis mañana,https://www.mercadolibre.com.ar/notebook-gamer-acer-nitro-v16-amd-ryzen-5-240-16gb-ram-512gb-ssd-pantalla-16-full-hd-180hz-placa-de-video-rtx-5050-8gb-gddr6-teclado-retroiluminado-color-negro-windows-11/p/MLA60846857,https://http2.mlstatic.com/D_Q_NP_2X_784382-MLA96693657657_102025-E.webp,main
"Laptop Dell Inspiron 15.6 pulgadas táctil Ryzen 7 7730U, 16GB RAM, 512GB SSD, pantalla FHD, Windows 11, color negro, alto rendimiento para trabajo y estudio, modelo LDC15255-A117blk-plus Dell",1279999,$,,,,5.0,6 cuotas de$292.074,Llega gratis mañana,https://www.mercadolibre.com.ar/laptop-dell-inspiron-156-pulgadas-tactil-ryzen-7-7730u-16gb-ram-512gb-ssd-pantalla-fhd-windows-11-color-negro-alto-rendimiento-para-trabajo-y-estudio-modelo-ldc15255-a117blk-plus-dell/p/MLA62420420,https://http2.mlstatic.com/D_Q_NP_2X_751478-MLA98664682842_112025-E.webp,main
"Laptop Dell Inspiron 15.6 pulgadas táctil Ryzen 7 7730U, 16GB RAM, 512GB SSD, pantalla FHD, Windows 11, color negro, alto rendimiento para trabajo y estudio, modelo LDC15255-A117blk-plus Dell",1515000,$,,,,5.0,Mismo precio 6 cuotas de$252.500,Llega gratis mañana,https://www.mercadolibre.com.ar/laptop-dell-inspiron-156-pulgadas-tactil-ryzen-7-7730u-16gb-ram-512gb-ssd-pantalla-fhd-windows-11-color-negro-alto-rendimiento-para-trabajo-y-estudio-modelo-ldc15255-a117blk-plus-dell/p/MLA62420420?offer_type=BEST_INSTALLMENTS,https://http2.mlstatic.com/D_Q_NP_2X_751478-MLA98664682842_112025-E.webp,alternative (best_installments)
Noteboook Lenovo Ideapad Slim 3 Ryzen 5 15.6 16gb 512gb W11h,1614699,$,1995699,19% OFF,PC CENTER COMPUTERS,,Mismo precio 18 cuotas de$89.705,Llega gratis mañana,https://www.mercadolibre.com.ar/noteboook-lenovo-ideapad-slim-3-ryzen-5-156-16gb-512gb-w11h/p/MLA66993279,https://http2.mlstatic.com/D_Q_NP_2X_663836-MLA109273358023_032026-E.webp,main
Notebook Acer Aspire A325-42 Ryzen 7 7730u 16gb Ram 512gb Ssd Pantalla 15.6 Full Hd Windows 11 Home Color Plateado,1739199,$,2570698,32% OFF,ESPACIO ELECTRONICA,4.8,Mismo precio 18 cuotas de$96.622,Llega gratis mañana,https://www.mercadolibre.com.ar/notebook-acer-aspire-a325-42-ryzen-7-7730u-16gb-ram-512gb-ssd-pantalla-156-full-hd-windows-11-home-color-plateado/p/MLA48471309,https://http2.mlstatic.com/D_Q_NP_2X_632043-MLA100053885503_122025-E.webp,main
Notebook Hp 255 G10 Amd Ryzen 5 7530u 16gb Ram 512gb Ssd Windows 11 Home,1569999,$,1939999,19% OFF,Electro World Group,4.8,Mismo precio 18 cuotas de$87.222,Llega gratis mañana,https://www.mercadolibre.com.ar/notebook-hp-255-g10-amd-ryzen-5-7530u-16gb-ram-512gb-ssd-windows-11-home/p/MLA63271526,https://http2.mlstatic.com/D_Q_NP_2X_888857-MLA101766248129_122025-E.webp,main
"Notebook HP 15-fc0251la AMD Ryzen 5 8GB RAM 512GB SSD 15,6"" FHD Windows 11 Home - Incluye Mochila HP Prelude Pro",1130999,$,1499999,24% OFF,HP Tienda Oficial,4.8,Mismo precio 6 cuotas de$188.499,Llega gratis mañana,https://www.mercadolibre.com.ar/notebook-hp-15-fc0251la-amd-ryzen-5-8gb-ram-512gb-ssd-156-fhd-windows-11-home-incluye-mochila-hp-prelude-pro/p/MLA54637344,https://http2.mlstatic.com/D_Q_NP_2X_871772-MLA107682624972_032026-E.webp,main
"Notebook HP 15-fc0251la AMD Ryzen 5 8GB RAM 512GB SSD 15,6"" FHD Windows 11 Home - Incluye Mochila HP Prelude Pro",1449999,$,2599999,44% OFF,HP Tienda Oficial,4.8,,Llega gratis mañana,https://www.mercadolibre.com.ar/notebook-hp-15-fc0251la-amd-ryzen-5-8gb-ram-512gb-ssd-156-fhd-windows-11-home-incluye-mochila-hp-prelude-pro/p/MLA54637344?offer_type=OFFICIAL_STORE,https://http2.mlstatic.com/D_Q_NP_2X_871772-MLA107682624972_032026-E.webp,alternative (alternative)
Laptop Lenovo Ideapad 14 Intel Celeron N4500 4gb Ram 128 Ssd Color Gris,589999,$,879999,32% OFF,EW Electro World,4.7,Mismo precio 18 cuotas de$32.777,Llega gratis mañana,https://www.mercadolibre.com.ar/laptop-lenovo-ideapad-14-intel-celeron-n4500-4gb-ram-128-ssd-color-gris/p/MLA47710378,https://http2.mlstatic.com/D_Q_NP_2X_908122-MLA83268892906_042025-E.webp,main
"Notebook Hp 255r G10 Ryzen 7 7735U 16GB Memoria RAM 512GB Disco SSD Pantalla 15,6'' Full HD 60hz Windows 11",1899999,$,2599999,26% OFF,Electro World Group,4.8,Mismo precio 18 cuotas de$105.555,Llega gratis mañana,https://www.mercadolibre.com.ar/notebook-hp-255r-g10-ryzen-7-7735u-16gb-memoria-ram-512gb-disco-ssd-pantalla-156-full-hd-60hz-windows-11/p/MLA63444287,https://http2.mlstatic.com/D_Q_NP_2X_689132-MLA102292687947_122025-E.webp,main
Notebook Noblex N14x1010 14.1 Hd Intel Celeron 4gb/128gb Ssd,395999,$,508199,22% OFF,Noblex,4.7,6 cuotas de$90.360,Llega gratis mañana,https://www.mercadolibre.com.ar/notebook-noblex-n14x1010-141-hd-intel-celeron-4gb128gb-ssd/p/MLA37505961,https://http2.mlstatic.com/D_Q_NP_2X_752512-MLA99884606157_112025-E.webp,main
Notebook Noblex N14x1010 14.1 Hd Intel Celeron 4gb/128gb Ssd,439999,$,508199,13% OFF,Noblex,4.7,Mismo precio 6 cuotas de$73.333,Llega gratis mañana,https://www.mercadolibre.com.ar/notebook-noblex-n14x1010-141-hd-intel-celeron-4gb128gb-ssd/p/MLA37505961?offer_type=BEST_INSTALLMENTS,https://http2.mlstatic.com/D_Q_NP_2X_752512-MLA99884606157_112025-E.webp,alternative (best_installments)
Notebook Asus Vivobook E1504GA-BQ645 Go 15 Intel N100 4gb De Ram 256gb ssd Pantalla FHD 1920 px x 1080 px de 15.6 pulgadas Color Negro,637560,$,984299,35% OFF,Tidi,4.8,Mismo precio 18 cuotas de$35.420,Llega gratis mañana,https://www.mercadolibre.com.ar/notebook-asus-vivobook-e1504ga-bq645-go-15-intel-n100-4gb-de-ram-256gb-ssd-pantalla-fhd-1920-px-x-1080-px-de-156-pulgadas-color-negro/p/MLA45807840,https://http2.mlstatic.com/D_Q_NP_2X_821832-MLA99553862880_122025-E.webp,main
"Notebook Lenovo Ideapad Slim 3 15,6 Fhd 128gb / 4gb Ram Intel N100",562014,$,819688,31% OFF,ACUARIO INSUMOS Y TECNOLOGIA,4.7,Mismo precio 18 cuotas de$31.223,Llega gratis mañana,https://www.mercadolibre.com.ar/notebook-lenovo-ideapad-slim-3-156-fhd-128gb-4gb-ram-intel-n100/p/MLA65050677,https://http2.mlstatic.com/D_Q_NP_2X_635836-MLA106096210175_012026-E.webp,main
Notebook Asus Vivobook X1404va 14 Fhd 128gb / 8gb Ram I3-1315u W11 Quiet Blue,500138,$,893114,44% OFF,,4.8,,Envío gratis,https://www.mercadolibre.com.ar/notebook-asus-vivobook-x1404va-14-fhd-128gb-8gb-ram-i3-1315u-w11-quiet-blue/p/MLA50871366,https://http2.mlstatic.com/D_Q_NP_2X_999720-MLA99398787298_112025-E.webp,main
Notebook Hp 255r G10 Amd Ryzen 7 7735u 16gb Ram 512gb Ssd 15.6 Full Hd Gráficos Integrados Radeon 680m Windows 11 Home Color Negro,1899999,$,2599999,26% OFF,EW Electro World,4.8,Mismo precio 18 cuotas de$105.555,Llega gratis mañana,https://www.mercadolibre.com.ar/notebook-hp-255r-g10-amd-ryzen-7-7735u-16gb-ram-512gb-ssd-156-full-hd-graficos-integrados-radeon-680m-windows-11-home-color-negro/p/MLA63548884,https://http2.mlstatic.com/D_Q_NP_2X_730278-MLA102672162393_122025-E.webp,main
"Notebook HP Aero 13-bg1051la AMD Ryzen AI 5 16GB RAM 512GB SSD 13"" 2K Windows 11 Home - Ultraliviana menos de 1,1 Kg",2099999,$,2559999,17% OFF,Mercado Libre,5.0,Mismo precio 12 cuotas de$174.999,Llega gratis mañana,https://www.mercadolibre.com.ar/notebook-hp-aero-13-bg1051la-amd-ryzen-ai-516gb-ram512gb-ssd-13-2k-windows-11-home-ultraliviana-menos-de-11-kg/p/MLA57249141,https://http2.mlstatic.com/D_Q_NP_2X_870344-MLA107590515311_022026-E.webp,main
"Notebook Bangho Max L5, Amd Ryzen 5-7430u, 16gb De Ram Ddr4, 512gb Ssd M.2 Nvme Pcie, Gráficos Amd Radeon Graphics, Panel Ips Full Hd 1920 Px X 1080 Px 15.6'', Wi-fi 6e, Windows 11 Home, Color Negro",985799,$,1506448,34% OFF,ESPACIO ELECTRONICA,4.9,6 cuotas de$224.942,Llega gratis mañana,https://www.mercadolibre.com.ar/notebook-bangho-max-l5-amd-ryzen-5-7430u-16gb-de-ram-ddr4-512gb-ssd-m2-nvme-pcie-graficos-amd-radeon-graphics-panel-ips-full-hd-1920-px-x-1080-px-156-wi-fi-6e-windows-11-home-color-negro/p/MLA62077979,https://http2.mlstatic.com/D_Q_NP_2X_962869-MLA97651398712_112025-E.webp,main
"Notebook Bangho Max L5, Amd Ryzen 5-7430u, 16gb De Ram Ddr4, 512gb Ssd M.2 Nvme Pcie, Gráficos Amd Radeon Graphics, Panel Ips Full Hd 1920 Px X 1080 Px 15.6'', Wi-fi 6e, Windows 11 Home, Color Negro",1203799,$,1828198,34% OFF,ESPACIO ELECTRONICA,4.9,Mismo precio 6 cuotas de$200.633,Llega gratis mañana,https://www.mercadolibre.com.ar/notebook-bangho-max-l5-amd-ryzen-5-7430u-16gb-de-ram-ddr4-512gb-ssd-m2-nvme-pcie-graficos-amd-radeon-graphics-panel-ips-full-hd-1920-px-x-1080-px-156-wi-fi-6e-windows-11-home-color-negro/p/MLA62077979?offer_type=BEST_INSTALLMENTS,https://http2.mlstatic.com/D_Q_NP_2X_962869-MLA97651398712_112025-E.webp,alternative (best_installments)
Notebook Lenovo Ideapad 1 15amn7 82vg00wxus Ryzen 5 7520u 8gb Ram Ddr5 256gb Ssd M.2 15.6 Fhd Pantalla Tn Teclado Ingles Color Abyss Blue Hf,774999,$,1154748,32% OFF,INTEGRADOS ARGENTINOS,5.0,6 cuotas de$176.841,Llega gratis mañana,https://www.mercadolibre.com.ar/notebook-lenovo-ideapad-1-15amn7-82vg00wxus-ryzen-5-7520u-8gb-ram-ddr5-256gb-ssd-m2-156-fhd-pantalla-tn-teclado-ingles-color-abyss-blue-hf/p/MLA64887306,https://http2.mlstatic.com/D_Q_NP_2X_975839-MLA105100934808_012026-E.webp,main
"Notebook Asus Vivobook Go 15 15.6"" E1504GA Intel Core N100 4gb 128gb 60hz Windows 11",639199,$,1074148,40% OFF,ESPACIO ELECTRONICA,4.7,Mismo precio 18 cuotas de$35.511,Llega gratis mañana,https://www.mercadolibre.com.ar/notebook-asus-vivobook-go-15-156-e1504ga-intel-core-n100-4gb-128gb-60hz-windows-11/p/MLA44895601,https://http2.mlstatic.com/D_Q_NP_2X_811223-MLA99989802889_112025-E.webp,main
"Notebook Asus Vivobook Go 15 15.6"" E1504GA Intel Core N100 4gb 128gb 60hz Windows 11",543199,$,1045399,48% OFF,ASUS,4.7,,Llega gratis mañana,https://www.mercadolibre.com.ar/notebook-asus-vivobook-go-15-156-e1504ga-intel-core-n100-4gb-128gb-60hz-windows-11/p/MLA44895601?offer_type=OFFICIAL_STORE,https://http2.mlstatic.com/D_Q_NP_2X_811223-MLA99989802889_112025-E.webp,alternative (alternative)
